Name,Col1,Col2,Col3,Col4,Col5,Col6,Col7,Col8,Col9,Col10,Col11,Col12,Col13,Col14,Col15,Col16,Col17,Col18,Col19,Col20,Col21,Col22
Page_0001_1_1_1_out,132.4228855721393,32.75373134328358,261.0,87.0,127.0,136.0,94.0,2.0,94.0,53.0,115.0,15.0,115.0,84.0,168.0,16.0,168.0,78.0,181.0,7.0,181.0,51.0
Page_0001_1_1_2_in,110.9375,32.9375,211.0,81.0,114.0,136.0,84.0,4.0,84.0,45.0,98.0,11.0,98.0,71.0,157.0,22.0,157.0,62.0,158.0,19.0,158.0,42.0
Page_0001_1_1_3_out,155.1013215859031,34.39647577092511,306.0,89.0,160.0,174.0,118.0,1.0,118.0,60.0,142.0,13.0,142.0,84.0,188.0,23.0,188.0,86.0,203.0,14.0,203.0,57.0
Page_0001_1_1_4_in,87.57666666666667,37.67,183.0,82.0,76.0,98.0,48.0,2.0,48.0,51.0,67.0,11.0,67.0,79.0,116.0,25.0,116.0,71.0,120.0,22.0,120.0,50.0
Page_0001_1_2_1_in,149.89269406392694,30.958904109589042,291.0,83.0,145.0,171.0,110.0,2.0,110.0,54.0,127.0,8.0,127.0,77.0,184.0,9.0,184.0,79.0,203.0,2.0,203.0,47.0
Page_0001_1_2_2_out,109.30513595166163,29.764350453172206,224.0,73.0,97.0,110.0,70.0,1.0,70.0,45.0,81.0,9.0,81.0,66.0,136.0,16.0,136.0,62.0,141.0,12.0,141.0,37.0
Page_0001_1_2_3_in,119.64764267990074,41.4863523573201,238.0,100.0,114.0,125.0,71.0,14.0,71.0,60.0,85.0,19.0,85.0,92.0,140.0,13.0,140.0,97.0,167.0,1.0,167.0,61.0
Page_0001_1_2_4_out,120.54347826086956,33.18478260869565,231.0,86.0,115.0,134.0,90.0,11.0,90.0,51.0,102.0,19.0,102.0,80.0,146.0,14.0,146.0,82.0,164.0,3.0,164.0,49.0
Page_0001_1_3_1_in,101.72701149425288,39.1551724137931,196.0,87.0,87.0,120.0,52.0,8.0,52.0,57.0,70.0,19.0,70.0,82.0,131.0,10.0,131.0,83.0,155.0,1.0,155.0,54.0
Page_0001_1_3_2_out,113.15047021943573,35.78369905956113,198.0,80.0,123.0,136.0,99.0,11.0,99.0,51.0,113.0,20.0,113.0,77.0,161.0,10.0,161.0,68.0,175.0,3.0,175.0,48.0
Page_0001_1_3_3_in,120.12394366197184,35.943661971830984,235.0,84.0,108.0,129.0,77.0,11.0,77.0,54.0,89.0,20.0,89.0,77.0,158.0,14.0,158.0,72.0,172.0,7.0,172.0,49.0
Page_0001_1_3_4_out,113.02064896755162,25.678466076696164,236.0,70.0,96.0,109.0,63.0,4.0,63.0,40.0,70.0,10.0,70.0,60.0,127.0,10.0,127.0,61.0,135.0,4.0,135.0,37.0
Page_0001_1_4_1_in,100.54458598726114,35.02547770700637,214.0,76.0,81.0,104.0,48.0,3.0,48.0,44.0,58.0,9.0,58.0,64.0,123.0,19.0,123.0,64.0,127.0,17.0,127.0,42.0
Page_0001_1_4_2_out,118.63172043010752,33.76881720430107,245.0,80.0,112.0,129.0,69.0,2.0,69.0,42.0,97.0,16.0,97.0,76.0,144.0,24.0,144.0,75.0,154.0,16.0,154.0,56.0
Page_0001_1_4_3_in,105.28938906752411,33.733118971061096,199.0,81.0,107.0,126.0,79.0,4.0,79.0,43.0,98.0,13.0,98.0,77.0,152.0,20.0,152.0,66.0,158.0,19.0,158.0,47.0
Page_0001_1_4_4_out,133.84102564102565,39.55897435897436,267.0,90.0,122.0,152.0,85.0,5.0,85.0,57.0,106.0,22.0,106.0,85.0,174.0,32.0,174.0,82.0,187.0,22.0,187.0,67.0
Page_0001_1_5_1_in,101.22636103151862,30.56160458452722,224.0,83.0,76.0,94.0,43.0,3.0,43.0,41.0,57.0,9.0,57.0,73.0,106.0,15.0,106.0,75.0,121.0,9.0,121.0,47.0
Page_0001_1_5_2_out,97.77077363896848,47.32378223495702,199.0,96.0,88.0,114.0,47.0,8.0,47.0,63.0,71.0,24.0,71.0,91.0,125.0,26.0,125.0,93.0,141.0,18.0,141.0,71.0
Page_0001_1_5_3_in,112.41194029850746,29.686567164179106,214.0,80.0,115.0,128.0,82.0,3.0,82.0,42.0,99.0,12.0,99.0,73.0,150.0,11.0,150.0,69.0,163.0,7.0,163.0,47.0
Page_0001_1_5_4_out,111.12994350282486,36.42372881355932,217.0,85.0,103.0,130.0,72.0,1.0,72.0,52.0,89.0,12.0,89.0,79.0,150.0,17.0,150.0,78.0,161.0,9.0,161.0,51.0
Page_0001_1_6_1_out,111.95918367346938,32.34402332361516,218.0,84.0,112.0,125.0,81.0,4.0,81.0,47.0,102.0,17.0,102.0,80.0,143.0,19.0,143.0,75.0,154.0,13.0,154.0,52.0
Page_0001_1_6_2_in,118.2103825136612,50.84426229508197,243.0,100.0,112.0,134.0,61.0,7.0,61.0,60.0,85.0,23.0,85.0,91.0,161.0,43.0,161.0,91.0,170.0,37.0,170.0,75.0
Page_0001_1_6_3_out,98.44728434504792,40.22044728434505,203.0,85.0,89.0,108.0,58.0,8.0,58.0,51.0,73.0,18.0,73.0,78.0,121.0,31.0,121.0,78.0,131.0,24.0,131.0,59.0
Page_0001_1_6_4_in,92.13149847094802,42.235474006116206,196.0,88.0,83.0,108.0,37.0,1.0,37.0,52.0,57.0,11.0,57.0,80.0,125.0,26.0,125.0,81.0,134.0,18.0,134.0,56.0
Page_0001_1_7_1_out,134.71323529411765,39.71813725490196,269.0,94.0,118.0,128.0,90.0,16.0,90.0,60.0,102.0,23.0,102.0,89.0,162.0,20.0,162.0,85.0,180.0,6.0,180.0,57.0
Page_0001_1_7_2_in,110.83641975308642,29.90432098765432,209.0,76.0,123.0,132.0,86.0,2.0,86.0,43.0,102.0,10.0,102.0,69.0,151.0,15.0,151.0,67.0,160.0,11.0,160.0,42.0
Page_0001_1_7_3_out,146.96380090497738,37.16968325791855,290.0,94.0,144.0,168.0,104.0,8.0,104.0,63.0,121.0,18.0,121.0,86.0,174.0,20.0,174.0,93.0,192.0,7.0,192.0,58.0
Page_0001_1_7_4_in,86.2568493150685,30.325342465753426,176.0,71.0,71.0,99.0,44.0,2.0,44.0,41.0,61.0,12.0,61.0,67.0,113.0,11.0,113.0,65.0,125.0,6.0,125.0,41.0
Page_0001_2_1_1_out,101.4756446991404,32.931232091690546,210.0,78.0,88.0,107.0,62.0,4.0,62.0,46.0,75.0,14.0,75.0,72.0,119.0,21.0,119.0,72.0,132.0,15.0,132.0,50.0
Page_0001_2_1_2_in,106.60335195530726,34.82122905027933,212.0,79.0,101.0,116.0,54.0,6.0,54.0,48.0,66.0,11.0,66.0,68.0,143.0,10.0,143.0,69.0,158.0,3.0,158.0,45.0
Page_0001_2_1_3_out,110.40568475452196,30.989664082687337,217.0,78.0,108.0,130.0,79.0,4.0,79.0,45.0,93.0,11.0,93.0,71.0,133.0,13.0,133.0,76.0,150.0,5.0,150.0,53.0
Page_0001_2_1_4_in,130.5852534562212,38.14976958525346,257.0,92.0,126.0,144.0,88.0,3.0,88.0,58.0,109.0,16.0,109.0,86.0,170.0,17.0,170.0,86.0,183.0,10.0,183.0,59.0
Page_0001_2_2_1_in,102.7328990228013,31.39413680781759,180.0,77.0,117.0,130.0,80.0,1.0,80.0,40.0,95.0,9.0,95.0,68.0,142.0,10.0,142.0,73.0,158.0,3.0,158.0,43.0
Page_0001_2_2_2_out,107.0264705882353,34.96470588235294,206.0,84.0,96.0,118.0,69.0,6.0,69.0,52.0,86.0,17.0,86.0,80.0,141.0,11.0,141.0,75.0,158.0,1.0,158.0,51.0
Page_0001_2_2_3_in,106.1466275659824,30.316715542521994,215.0,85.0,105.0,110.0,64.0,5.0,64.0,47.0,75.0,12.0,75.0,71.0,125.0,16.0,125.0,79.0,142.0,6.0,142.0,45.0
Page_0001_2_2_4_out,94.30029154518951,39.10204081632653,191.0,89.0,90.0,106.0,43.0,4.0,43.0,58.0,61.0,15.0,61.0,80.0,118.0,13.0,118.0,85.0,138.0,4.0,138.0,62.0
Page_0001_2_3_1_in,123.68834688346884,33.45528455284553,237.0,78.0,115.0,146.0,86.0,6.0,86.0,52.0,100.0,15.0,100.0,74.0,163.0,13.0,163.0,72.0,181.0,3.0,181.0,48.0
Page_0001_2_3_2_out,123.03724928366762,30.401146131805156,233.0,76.0,122.0,145.0,100.0,14.0,100.0,48.0,109.0,23.0,109.0,71.0,154.0,9.0,154.0,72.0,163.0,2.0,163.0,51.0
Page_0001_2_3_3_in,111.96923076923076,35.7,231.0,83.0,92.0,128.0,52.0,2.0,52.0,57.0,85.0,17.0,85.0,82.0,146.0,13.0,146.0,78.0,165.0,5.0,165.0,54.0
Page_0001_2_3_4_out,101.76282051282051,42.625,183.0,92.0,104.0,120.0,78.0,22.0,78.0,64.0,86.0,29.0,86.0,85.0,131.0,16.0,131.0,87.0,151.0,6.0,151.0,55.0
Page_0001_2_4_1_out,106.2264631043257,49.791348600508904,226.0,99.0,109.0,124.0,47.0,6.0,47.0,69.0,88.0,31.0,88.0,95.0,138.0,36.0,138.0,96.0,151.0,28.0,151.0,75.0
Page_0001_2_4_2_in,94.27761194029851,30.101492537313433,206.0,80.0,66.0,82.0,41.0,7.0,41.0,54.0,56.0,16.0,56.0,76.0,105.0,12.0,105.0,71.0,119.0,2.0,119.0,42.0
Page_0001_2_4_3_out,112.15229885057471,34.048850574712645,218.0,78.0,107.0,136.0,68.0,4.0,68.0,51.0,81.0,13.0,81.0,72.0,150.0,14.0,150.0,76.0,164.0,3.0,164.0,45.0
Page_0001_2_4_4_in,120.5,27.3135593220339,235.0,75.0,117.0,140.0,84.0,3.0,84.0,39.0,98.0,10.0,98.0,67.0,155.0,8.0,155.0,68.0,166.0,2.0,166.0,43.0
Page_0001_2_5_1_out,93.22364217252397,37.95527156549521,194.0,84.0,87.0,98.0,56.0,3.0,56.0,55.0,76.0,14.0,76.0,81.0,117.0,28.0,117.0,74.0,121.0,24.0,121.0,56.0
Page_0001_2_5_2_in,98.19411764705882,35.258823529411764,203.0,85.0,87.0,109.0,48.0,1.0,48.0,50.0,66.0,9.0,66.0,78.0,127.0,13.0,127.0,76.0,141.0,8.0,141.0,49.0
Page_0001_2_5_3_out,117.43490304709141,30.26038781163435,229.0,76.0,126.0,148.0,86.0,4.0,86.0,54.0,101.0,14.0,101.0,71.0,139.0,20.0,139.0,76.0,156.0,10.0,156.0,59.0
Page_0001_2_5_4_in,125.3862433862434,42.523809523809526,249.0,93.0,124.0,154.0,81.0,8.0,81.0,54.0,103.0,23.0,103.0,86.0,164.0,32.0,164.0,90.0,175.0,27.0,175.0,65.0
Page_0001_2_6_1_in,113.55780346820809,29.502890173410403,213.0,72.0,109.0,148.0,84.0,5.0,84.0,49.0,95.0,13.0,95.0,69.0,141.0,9.0,141.0,72.0,162.0,2.0,162.0,52.0
Page_0001_2_6_2_out,108.94,33.16,219.0,80.0,100.0,119.0,63.0,1.0,63.0,48.0,80.0,11.0,80.0,74.0,142.0,14.0,142.0,71.0,157.0,3.0,157.0,46.0
Page_0001_2_6_3_in,105.9971098265896,27.271676300578033,221.0,76.0,88.0,104.0,58.0,2.0,58.0,45.0,69.0,9.0,69.0,69.0,126.0,7.0,126.0,66.0,140.0,2.0,140.0,44.0
Page_0001_2_6_4_out,97.77871148459384,41.260504201680675,196.0,98.0,91.0,107.0,50.0,4.0,50.0,59.0,67.0,14.0,67.0,89.0,118.0,17.0,118.0,95.0,142.0,7.0,142.0,60.0
Page_0001_2_7_1_out,141.3189448441247,42.55875299760192,269.0,98.0,160.0,170.0,106.0,4.0,106.0,65.0,133.0,24.0,133.0,92.0,186.0,32.0,186.0,93.0,202.0,23.0,202.0,66.0
Page_0001_2_7_2_in,106.7459807073955,33.167202572347264,198.0,78.0,122.0,143.0,85.0,3.0,85.0,47.0,101.0,11.0,101.0,71.0,154.0,25.0,154.0,69.0,157.0,19.0,157.0,42.0
Page_0001_2_7_3_out,147.2,33.90222222222222,300.0,87.0,138.0,156.0,96.0,2.0,96.0,59.0,114.0,12.0,114.0,81.0,169.0,17.0,169.0,84.0,186.0,7.0,186.0,59.0
Page_0001_2_7_4_in,93.83387622149837,38.48534201954397,202.0,82.0,70.0,89.0,45.0,4.0,45.0,47.0,66.0,17.0,66.0,80.0,120.0,24.0,120.0,63.0,125.0,22.0,125.0,48.0
Page_0001_3_1_1_out,131.70909090909092,33.4025974025974,253.0,82.0,125.0,146.0,92.0,7.0,92.0,52.0,107.0,18.0,107.0,76.0,169.0,16.0,169.0,77.0,190.0,3.0,190.0,53.0
Page_0001_3_1_2_in,120.57264957264957,33.21367521367522,223.0,79.0,125.0,149.0,91.0,7.0,91.0,42.0,101.0,8.0,101.0,67.0,163.0,9.0,163.0,76.0,175.0,4.0,175.0,53.0
Page_0001_3_1_3_out,135.56399132321042,41.48373101952278,276.0,98.0,104.0,138.0,74.0,6.0,74.0,77.0,95.0,17.0,95.0,97.0,161.0,13.0,161.0,94.0,191.0,1.0,191.0,63.0
Page_0001_3_1_4_in,92.82874617737004,28.05504587155963,201.0,78.0,67.0,87.0,43.0,3.0,43.0,46.0,55.0,12.0,55.0,72.0,102.0,8.0,102.0,71.0,119.0,1.0,119.0,43.0
Page_0001_3_2_1_in,140.04980079681275,43.18326693227092,274.0,99.0,105.0,146.0,73.0,7.0,73.0,73.0,93.0,16.0,93.0,97.0,169.0,10.0,169.0,94.0,198.0,1.0,198.0,61.0
Page_0001_3_2_2_out,107.15665796344648,28.671018276762403,227.0,75.0,91.0,105.0,57.0,3.0,57.0,51.0,73.0,12.0,73.0,70.0,118.0,11.0,118.0,71.0,136.0,2.0,136.0,53.0
Page_0001_3_2_3_in,147.35320088300222,40.326710816777044,268.0,89.0,171.0,207.0,116.0,1.0,116.0,52.0,139.0,8.0,139.0,81.0,213.0,23.0,213.0,87.0,227.0,17.0,227.0,58.0
Page_0001_3_2_4_out,113.83602150537635,32.666666666666664,227.0,79.0,114.0,128.0,83.0,4.0,83.0,50.0,98.0,15.0,98.0,73.0,146.0,21.0,146.0,71.0,152.0,15.0,152.0,47.0
Page_0001_3_3_1_out,137.59183673469389,34.38265306122449,267.0,83.0,132.0,149.0,98.0,10.0,98.0,50.0,108.0,20.0,108.0,74.0,174.0,11.0,174.0,74.0,191.0,1.0,191.0,52.0
Page_0001_3_3_2_in,106.21495327102804,30.498442367601246,206.0,75.0,106.0,119.0,74.0,3.0,74.0,42.0,86.0,10.0,86.0,68.0,141.0,13.0,141.0,68.0,149.0,8.0,149.0,39.0
Page_0001_3_3_3_out,160.04157549234137,31.36323851203501,312.0,85.0,159.0,187.0,126.0,5.0,126.0,52.0,142.0,16.0,142.0,80.0,190.0,17.0,190.0,84.0,209.0,5.0,209.0,56.0
Page_0001_3_3_4_in,86.85667752442997,35.08794788273616,184.0,81.0,64.0,85.0,44.0,4.0,44.0,44.0,55.0,14.0,55.0,77.0,108.0,13.0,108.0,70.0,119.0,9.0,119.0,45.0
Page_0001_3_4_1_in,146.70506912442397,43.46082949308756,290.0,101.0,158.0,178.0,105.0,5.0,105.0,60.0,130.0,18.0,130.0,93.0,185.0,36.0,185.0,98.0,196.0,29.0,196.0,71.0
Page_0001_3_4_2_out,95.34042553191489,45.632218844984806,207.0,89.0,77.0,97.0,51.0,4.0,51.0,58.0,71.0,19.0,71.0,87.0,113.0,37.0,113.0,81.0,119.0,30.0,119.0,59.0
Page_0001_3_4_3_in,118.21772151898735,40.4126582278481,236.0,94.0,117.0,134.0,66.0,3.0,66.0,55.0,98.0,16.0,98.0,89.0,155.0,23.0,155.0,87.0,174.0,15.0,174.0,61.0
Page_0001_3_4_4_out,127.76578947368421,35.05,250.0,87.0,132.0,146.0,91.0,1.0,91.0,55.0,113.0,12.0,113.0,80.0,166.0,21.0,166.0,78.0,173.0,15.0,173.0,53.0
Page_0001_3_5_1_out,135.51225490196077,39.286764705882355,267.0,89.0,126.0,139.0,93.0,15.0,93.0,64.0,105.0,24.0,105.0,83.0,161.0,24.0,161.0,87.0,183.0,8.0,183.0,65.0
Page_0001_3_5_2_in,111.7905604719764,28.86135693215339,218.0,76.0,106.0,126.0,79.0,2.0,79.0,44.0,91.0,9.0,91.0,70.0,144.0,11.0,144.0,68.0,154.0,4.0,154.0,46.0
Page_0001_3_5_3_out,157.77522935779817,38.321100917431195,301.0,90.0,165.0,181.0,127.0,14.0,127.0,60.0,138.0,25.0,138.0,81.0,195.0,18.0,195.0,87.0,210.0,6.0,210.0,59.0
Page_0001_3_5_4_in,92.40836012861736,30.363344051446944,187.0,75.0,78.0,100.0,55.0,1.0,55.0,42.0,69.0,9.0,69.0,72.0,121.0,11.0,121.0,65.0,128.0,4.0,128.0,40.0
Page_0001_3_6_1_in,144.8312958435208,31.99511002444988,276.0,85.0,154.0,182.0,109.0,1.0,109.0,48.0,126.0,11.0,126.0,74.0,193.0,14.0,193.0,80.0,201.0,8.0,201.0,47.0
Page_0001_3_6_2_out,104.94594594594595,33.78078078078078,218.0,78.0,92.0,102.0,65.0,4.0,65.0,46.0,77.0,13.0,77.0,72.0,126.0,17.0,126.0,67.0,130.0,13.0,130.0,45.0
Page_0001_3_6_3_in,111.74683544303798,38.0253164556962,229.0,92.0,81.0,112.0,59.0,2.0,59.0,58.0,81.0,13.0,81.0,92.0,140.0,13.0,140.0,84.0,163.0,4.0,163.0,58.0
Page_0001_3_6_4_out,117.51123595505618,29.89325842696629,228.0,81.0,110.0,131.0,86.0,7.0,86.0,54.0,100.0,14.0,100.0,77.0,146.0,12.0,146.0,74.0,160.0,4.0,160.0,45.0
Page_0001_3_7_1_out,149.0681818181818,31.238636363636363,297.0,88.0,143.0,156.0,106.0,3.0,106.0,54.0,122.0,12.0,122.0,80.0,181.0,11.0,181.0,78.0,198.0,2.0,198.0,53.0
Page_0001_3_7_2_in,105.6379821958457,35.86943620178042,225.0,80.0,91.0,106.0,54.0,3.0,54.0,49.0,71.0,13.0,71.0,73.0,128.0,21.0,128.0,67.0,134.0,19.0,134.0,43.0
Page_0001_3_7_3_out,132.1551724137931,37.87684729064039,263.0,88.0,126.0,152.0,92.0,1.0,92.0,59.0,114.0,10.0,114.0,83.0,166.0,28.0,166.0,83.0,179.0,17.0,179.0,62.0
Page_0001_3_7_4_in,97.64285714285714,35.27597402597402,189.0,79.0,98.0,121.0,64.0,2.0,64.0,50.0,81.0,12.0,81.0,73.0,136.0,19.0,136.0,72.0,142.0,15.0,142.0,49.0
Page_0001_4_1_1_out,135.58121827411168,39.54060913705584,266.0,88.0,122.0,133.0,93.0,16.0,93.0,61.0,104.0,23.0,104.0,83.0,169.0,14.0,169.0,75.0,191.0,6.0,191.0,46.0
Page_0001_4_1_2_in,125.95750708215297,27.611898016997166,237.0,73.0,132.0,150.0,106.0,6.0,106.0,42.0,117.0,10.0,117.0,66.0,164.0,11.0,164.0,66.0,174.0,1.0,174.0,39.0
Page_0001_4_1_3_out,153.50694444444446,34.12268518518518,297.0,88.0,150.0,177.0,122.0,14.0,122.0,59.0,135.0,22.0,135.0,81.0,181.0,15.0,181.0,86.0,198.0,3.0,198.0,45.0
Page_0001_4_1_4_in,91.72491909385113,33.362459546925564,182.0,79.0,87.0,105.0,56.0,1.0,56.0,47.0,68.0,8.0,68.0,72.0,122.0,12.0,122.0,71.0,133.0,8.0,133.0,50.0
Page_0001_4_2_2_out,99.29329608938548,33.108938547486034,202.0,80.0,91.0,109.0,67.0,2.0,67.0,50.0,87.0,13.0,87.0,78.0,122.0,20.0,122.0,74.0,131.0,14.0,131.0,57.0
Page_0001_4_2_3_in,120.27477477477477,35.0045045045045,244.0,90.0,119.0,143.0,72.0,3.0,72.0,50.0,95.0,11.0,95.0,84.0,152.0,7.0,152.0,88.0,166.0,2.0,166.0,59.0
Page_0001_4_2_4_out,125.46078431372548,27.80392156862745,246.0,79.0,122.0,140.0,92.0,4.0,92.0,46.0,105.0,11.0,105.0,73.0,153.0,9.0,153.0,73.0,168.0,2.0,168.0,47.0
Page_0001_4_3_1_out,143.87871853546912,36.99771167048055,294.0,92.0,122.0,144.0,91.0,16.0,91.0,60.0,112.0,24.0,112.0,89.0,166.0,12.0,166.0,82.0,179.0,4.0,179.0,58.0
Page_0001_4_3_2_in,106.39940828402366,29.233727810650887,222.0,75.0,90.0,103.0,63.0,3.0,63.0,39.0,74.0,9.0,74.0,69.0,124.0,11.0,124.0,66.0,133.0,7.0,133.0,44.0
Page_0001_4_3_3_out,144.2406015037594,35.989974937343355,260.0,87.0,161.0,178.0,129.0,2.0,129.0,56.0,148.0,14.0,148.0,82.0,195.0,20.0,195.0,82.0,212.0,10.0,212.0,52.0
Page_0001_4_3_4_in,110.865625,31.4875,208.0,78.0,112.0,132.0,88.0,5.0,88.0,44.0,104.0,14.0,104.0,74.0,153.0,17.0,153.0,67.0,162.0,13.0,162.0,47.0
Page_0001_4_4_1_in,142.20454545454547,38.27020202020202,258.0,91.0,165.0,172.0,122.0,2.0,122.0,54.0,143.0,12.0,143.0,85.0,199.0,23.0,199.0,83.0,213.0,17.0,213.0,55.0
Page_0001_4_4_2_out,116.7934131736527,24.407185628742514,222.0,67.0,116.0,142.0,93.0,2.0,93.0,45.0,116.0,13.0,116.0,67.0,153.0,14.0,153.0,62.0,160.0,7.0,160.0,42.0
Page_0001_4_4_3_in,125.84651162790698,42.165116279069764,256.0,99.0,98.0,125.0,64.0,12.0,64.0,65.0,84.0,24.0,84.0,93.0,145.0,10.0,145.0,96.0,176.0,1.0,176.0,63.0
Page_0001_4_4_4_out,107.7930029154519,30.1399416909621,220.0,81.0,95.0,108.0,68.0,12.0,68.0,50.0,82.0,18.0,82.0,75.0,118.0,16.0,118.0,78.0,136.0,6.0,136.0,50.0
Page_0001_4_5_1_out,145.7325842696629,31.287640449438204,295.0,85.0,132.0,147.0,97.0,2.0,97.0,50.0,115.0,12.0,115.0,78.0,165.0,9.0,165.0,79.0,184.0,1.0,184.0,57.0
Page_0001_4_5_2_in,85.72818791946308,29.459731543624162,179.0,72.0,67.0,86.0,40.0,2.0,40.0,42.0,59.0,10.0,59.0,69.0,110.0,10.0,110.0,64.0,121.0,6.0,121.0,39.0
Page_0001_4_5_3_out,149.24460431654677,42.16546762589928,276.0,89.0,150.0,169.0,127.0,21.0,127.0,69.0,138.0,30.0,138.0,85.0,185.0,16.0,185.0,85.0,213.0,2.0,213.0,58.0
Page_0001_4_5_4_in,122.31778425655976,28.08746355685131,234.0,74.0,124.0,141.0,97.0,2.0,97.0,38.0,113.0,10.0,113.0,69.0,166.0,13.0,166.0,61.0,173.0,9.0,173.0,39.0
Page_0001_4_6_1_in,143.9007263922518,31.50363196125908,272.0,80.0,139.0,171.0,109.0,2.0,109.0,52.0,128.0,11.0,128.0,75.0,186.0,14.0,186.0,75.0,205.0,4.0,205.0,54.0
Page_0001_4_6_2_out,109.67791411042944,41.75460122699386,218.0,91.0,110.0,121.0,77.0,12.0,77.0,53.0,95.0,26.0,95.0,86.0,143.0,36.0,143.0,81.0,150.0,30.0,150.0,63.0
Page_0001_4_6_3_in,115.59779614325069,33.32231404958678,253.0,80.0,88.0,104.0,43.0,3.0,43.0,43.0,58.0,13.0,58.0,66.0,128.0,19.0,128.0,71.0,138.0,13.0,138.0,48.0
Page_0001_4_6_4_out,91.4954128440367,34.25382262996942,198.0,81.0,79.0,91.0,40.0,3.0,40.0,49.0,59.0,11.0,59.0,74.0,106.0,18.0,106.0,76.0,119.0,11.0,119.0,53.0
Page_0001_4_7_1_out,134.5985221674877,39.58620689655172,260.0,87.0,120.0,143.0,95.0,12.0,95.0,60.0,114.0,22.0,114.0,85.0,170.0,12.0,170.0,80.0,189.0,1.0,189.0,59.0
Page_0001_4_7_2_in,117.24418604651163,25.7703488372093,230.0,70.0,110.0,132.0,85.0,1.0,85.0,39.0,104.0,5.0,104.0,68.0,155.0,11.0,155.0,58.0,164.0,6.0,164.0,34.0
Page_0001_4_7_3_out,151.52359550561798,32.04719101123595,301.0,86.0,142.0,166.0,113.0,1.0,113.0,56.0,126.0,13.0,126.0,80.0,178.0,11.0,178.0,80.0,194.0,1.0,194.0,51.0
Page_0001_4_7_4_in,82.55972696245733,29.55631399317406,175.0,68.0,63.0,91.0,34.0,1.0,34.0,37.0,49.0,8.0,49.0,63.0,101.0,12.0,101.0,65.0,115.0,5.0,115.0,45.0
Page_0001_5_1_1_in,132.89485458612975,43.557046979865774,269.0,102.0,114.0,150.0,67.0,9.0,67.0,68.0,89.0,19.0,89.0,96.0,161.0,15.0,161.0,99.0,190.0,1.0,190.0,66.0
Page_0001_5_1_2_out,112.18478260869566,28.85326086956522,235.0,78.0,87.0,107.0,61.0,5.0,61.0,52.0,73.0,19.0,73.0,73.0,123.0,10.0,123.0,73.0,140.0,1.0,140.0,54.0
Page_0001_5_1_3_in,148.7648456057007,35.049881235154395,277.0,89.0,170.0,183.0,118.0,1.0,118.0,50.0,136.0,12.0,136.0,79.0,203.0,16.0,203.0,84.0,219.0,10.0,219.0,58.0
Page_0001_5_1_4_out,115.49854227405248,29.580174927113703,225.0,78.0,114.0,130.0,90.0,3.0,90.0,48.0,103.0,12.0,103.0,73.0,146.0,17.0,146.0,71.0,152.0,12.0,152.0,45.0
Page_0001_5_2_1_out,155.36705882352942,47.2,281.0,97.0,165.0,177.0,134.0,23.0,134.0,66.0,143.0,35.0,143.0,90.0,200.0,19.0,200.0,92.0,227.0,5.0,227.0,65.0
Page_0001_5_2_2_in,110.95705521472392,32.33435582822086,208.0,75.0,121.0,139.0,83.0,7.0,83.0,42.0,95.0,8.0,95.0,66.0,153.0,9.0,153.0,68.0,159.0,5.0,159.0,43.0
Page_0001_5_2_3_out,152.12775330396477,52.381057268722465,301.0,111.0,121.0,140.0,106.0,39.0,106.0,81.0,113.0,45.0,113.0,108.0,169.0,25.0,169.0,102.0,200.0,5.0,200.0,69.0
Page_0001_5_2_4_in,103.8123076923077,31.858461538461537,205.0,79.0,94.0,114.0,67.0,11.0,67.0,43.0,71.0,16.0,71.0,67.0,124.0,8.0,124.0,75.0,140.0,2.0,140.0,45.0
Page_0001_5_3_1_in,127.9559902200489,36.87530562347188,248.0,85.0,125.0,146.0,83.0,11.0,83.0,52.0,95.0,18.0,95.0,77.0,161.0,14.0,161.0,79.0,180.0,2.0,180.0,54.0
Page_0001_5_3_2_out,118.81538461538462,32.45897435897436,225.0,80.0,128.0,144.0,94.0,6.0,94.0,41.0,103.0,15.0,103.0,72.0,156.0,8.0,156.0,75.0,171.0,2.0,171.0,49.0
Page_0001_5_3_3_in,155.37325349301398,41.21157684630739,312.0,96.0,130.0,149.0,92.0,13.0,92.0,63.0,108.0,20.0,108.0,90.0,182.0,7.0,182.0,87.0,205.0,1.0,205.0,59.0
Page_0001_5_3_4_out,100.43888888888888,33.46111111111111,205.0,80.0,92.0,98.0,59.0,2.0,59.0,52.0,74.0,9.0,74.0,73.0,124.0,16.0,124.0,70.0,136.0,10.0,136.0,48.0
Page_0001_5_4_1_out,152.82203389830508,43.228813559322035,307.0,100.0,124.0,148.0,97.0,19.0,97.0,70.0,111.0,29.0,111.0,96.0,175.0,10.0,175.0,92.0,201.0,1.0,201.0,63.0
Page_0001_5_4_2_in,103.83030303030303,25.79090909090909,215.0,71.0,86.0,106.0,58.0,1.0,58.0,36.0,66.0,10.0,66.0,60.0,121.0,6.0,121.0,63.0,135.0,1.0,135.0,35.0
Page_0001_5_4_3_out,147.84834123222748,32.8696682464455,279.0,85.0,146.0,178.0,117.0,1.0,117.0,55.0,139.0,11.0,139.0,82.0,197.0,14.0,197.0,76.0,216.0,4.0,216.0,52.0
Page_0001_5_4_4_in,110.83132530120481,28.42168674698795,212.0,72.0,103.0,127.0,81.0,4.0,81.0,45.0,95.0,13.0,95.0,70.0,144.0,10.0,144.0,67.0,155.0,5.0,155.0,46.0
Page_0001_5_5_1_out,138.50235849056602,39.77594339622642,288.0,96.0,119.0,134.0,84.0,24.0,84.0,68.0,97.0,35.0,97.0,88.0,139.0,29.0,139.0,94.0,167.0,7.0,167.0,64.0
Page_0001_5_5_2_in,94.15141955835962,27.050473186119874,201.0,72.0,80.0,89.0,46.0,1.0,46.0,38.0,62.0,9.0,62.0,66.0,111.0,8.0,111.0,61.0,121.0,5.0,121.0,35.0
Page_0001_5_5_3_out,140.1704260651629,32.07769423558897,259.0,85.0,148.0,168.0,122.0,2.0,122.0,57.0,147.0,16.0,147.0,84.0,181.0,20.0,181.0,80.0,198.0,10.0,198.0,57.0
Page_0001_5_5_4_in,111.50157728706624,30.892744479495267,211.0,75.0,113.0,135.0,87.0,4.0,87.0,40.0,98.0,11.0,98.0,69.0,158.0,15.0,158.0,62.0,165.0,10.0,165.0,42.0
Page_0001_5_6_1_in,130.51842105263157,34.03947368421053,240.0,87.0,140.0,155.0,107.0,2.0,107.0,57.0,132.0,13.0,132.0,85.0,176.0,19.0,176.0,79.0,191.0,12.0,191.0,54.0
Page_0001_5_6_2_out,124.96685082872928,29.406077348066297,232.0,75.0,131.0,158.0,104.0,2.0,104.0,50.0,124.0,12.0,124.0,73.0,162.0,16.0,162.0,73.0,177.0,8.0,177.0,54.0
Page_0001_5_6_3_in,117.26491646778042,40.37947494033413,246.0,101.0,100.0,116.0,61.0,13.0,61.0,67.0,79.0,22.0,79.0,95.0,127.0,14.0,127.0,97.0,159.0,2.0,159.0,67.0
Page_0001_5_6_4_out,102.03621169916434,30.473537604456826,222.0,85.0,77.0,87.0,46.0,8.0,46.0,56.0,63.0,15.0,63.0,79.0,108.0,11.0,108.0,77.0,127.0,2.0,127.0,46.0
Page_0001_5_7_1_out,149.6879271070615,32.380410022779046,295.0,84.0,136.0,165.0,113.0,9.0,113.0,54.0,127.0,19.0,127.0,82.0,175.0,14.0,175.0,81.0,193.0,1.0,193.0,58.0
Page_0001_5_7_2_in,107.6301775147929,29.16568047337278,222.0,76.0,93.0,110.0,61.0,3.0,61.0,47.0,77.0,12.0,77.0,69.0,128.0,12.0,128.0,66.0,140.0,8.0,140.0,41.0
Page_0001_5_7_3_out,141.5942720763723,36.704057279236274,272.0,93.0,146.0,160.0,109.0,2.0,109.0,60.0,132.0,13.0,132.0,89.0,185.0,25.0,185.0,82.0,199.0,13.0,199.0,59.0
Page_0001_5_7_4_in,101.4888888888889,32.77777777777778,196.0,78.0,96.0,117.0,74.0,2.0,74.0,44.0,85.0,12.0,85.0,74.0,137.0,18.0,137.0,69.0,143.0,13.0,143.0,47.0
